{
  "meta": {
    "generated_at": "2026-04-19T03:33:28Z",
    "hyperfine_runs": 5,
    "warmup_runs": 3,
    "script": "benchmarks/run_benchmarks.sh"
  },
  "machine_profile": {
    "cpu_model": "12th Gen Intel(R) Core(TM) i5-12450H",
    "cpu_cores_physical": 12,
    "cpu_cores_logical": 12,
    "ram_total": "15Gi",
    "ram_available": "14Gi",
    "kernel": "6.19.11-arch1-1",
    "os": "Arch Linux",
    "architecture": "x86_64",
    "tool_versions": {
      "pyscan": "pyscan 2.0.0",
      "pip_audit": "pip-audit 2.10.0",
      "safety": "safety, version 3.7.0",
      "hyperfine": "hyperfine 1.20.0"
    }
  },
  "network": {
    "osv_api_latency_ms": {
      "mean": 763.8,
      "stddev": 69.8,
      "samples": 5
    },
    "download_speed_mbps": 83.52
  },
  "comparative_summary": [
    {
      "dataset": "small",
      "dependency_count": 15,
      "pyscan_mean_s": 6.235738013540001,
      "pip_audit_mean_s": 6.73128645534,
      "safety_mean_s": 8.46756604914,
      "pyscan_stddev_s": 0.3763201520218467,
      "pip_audit_stddev_s": 0.09564774897623526,
      "safety_stddev_s": 0.5069031885181112,
      "speedup_factor": 1.08,
      "speedup_vs_safety": 1.36,
      "stability": "high"
    },
    {
      "dataset": "medium",
      "dependency_count": 88,
      "pyscan_mean_s": 6.940392254,
      "pip_audit_mean_s": 62.241246221000004,
      "safety_mean_s": 10.387434041800002,
      "pyscan_stddev_s": 0.6525442270506754,
      "pip_audit_stddev_s": 1.58233376736734,
      "safety_stddev_s": 2.098630224307739,
      "speedup_factor": 8.97,
      "speedup_vs_safety": 1.5,
      "stability": "high"
    },
    {
      "dataset": "large",
      "dependency_count": 714,
      "pyscan_mean_s": 5.37062894166,
      "pip_audit_mean_s": 18.944299657259997,
      "safety_mean_s": 8.189016012660002,
      "pyscan_stddev_s": 0.4406733949189799,
      "pip_audit_stddev_s": 0.34108855983218916,
      "safety_stddev_s": 0.3776180484416263,
      "speedup_factor": 3.53,
      "speedup_vs_safety": 1.52,
      "stability": "high"
    }
  ],
  "benchmarks": [
    {
      "dataset": "small",
      "dependency_count": 15,
      "results": [
        {
          "command": "pyscan (small)",
          "mean_s": 6.235738013540001,
          "stddev_s": 0.3763201520218467,
          "median_s": 6.16566591174,
          "min_s": 5.80819485874,
          "max_s": 6.78693176174,
          "times": [
            6.78693176174,
            6.16566591174,
            5.80819485874,
            6.40067031474,
            6.01722722074
          ]
        },
        {
          "command": "pip-audit (small)",
          "mean_s": 6.73128645534,
          "stddev_s": 0.09564774897623526,
          "median_s": 6.7066632537399995,
          "min_s": 6.62463474074,
          "max_s": 6.87143196874,
          "times": [
            6.7066632537399995,
            6.62463474074,
            6.67718744474,
            6.87143196874,
            6.77651486874
          ]
        },
        {
          "command": "safety (small)",
          "mean_s": 8.46756604914,
          "stddev_s": 0.5069031885181112,
          "median_s": 8.481260178740001,
          "min_s": 7.96624677374,
          "max_s": 9.10679449374,
          "times": [
            7.9697513427399995,
            8.81377745674,
            8.481260178740001,
            9.10679449374,
            7.96624677374
          ]
        }
      ]
    },
    {
      "dataset": "medium",
      "dependency_count": 88,
      "results": [
        {
          "command": "pyscan (medium)",
          "mean_s": 6.940392254,
          "stddev_s": 0.6525442270506754,
          "median_s": 6.9724037334,
          "min_s": 6.0777297804,
          "max_s": 7.7395674594,
          "times": [
            7.3554221614,
            6.0777297804,
            7.7395674594,
            6.9724037334,
            6.5568381354000005
          ]
        },
        {
          "command": "pip-audit (medium)",
          "mean_s": 62.241246221000004,
          "stddev_s": 1.58233376736734,
          "median_s": 63.006549242400006,
          "min_s": 59.6742498614,
          "max_s": 63.577520410400005,
          "times": [
            59.6742498614,
            61.7861966154,
            63.577520410400005,
            63.1617149754,
            63.006549242400006
          ]
        },
        {
          "command": "safety (medium)",
          "mean_s": 10.387434041800002,
          "stddev_s": 2.098630224307739,
          "median_s": 11.2070164604,
          "min_s": 7.6790002634,
          "max_s": 12.446243346400001,
          "times": [
            11.938995291400001,
            11.2070164604,
            12.446243346400001,
            8.665914847400002,
            7.6790002634
          ]
        }
      ]
    },
    {
      "dataset": "large",
      "dependency_count": 714,
      "results": [
        {
          "command": "pyscan (large)",
          "mean_s": 5.37062894166,
          "stddev_s": 0.4406733949189799,
          "median_s": 5.149138270460001,
          "min_s": 4.992509693460001,
          "max_s": 5.9068045194600005,
          "times": [
            5.7865619844600005,
            5.018130240460001,
            4.992509693460001,
            5.149138270460001,
            5.9068045194600005
          ]
        },
        {
          "command": "pip-audit (large)",
          "mean_s": 18.944299657259997,
          "stddev_s": 0.34108855983218916,
          "median_s": 19.02118094446,
          "min_s": 18.568252015459997,
          "max_s": 19.280103333459998,
          "times": [
            19.02118094446,
            18.568252015459997,
            19.24583080946,
            19.280103333459998,
            18.606131183459997
          ]
        },
        {
          "command": "safety (large)",
          "mean_s": 8.189016012660002,
          "stddev_s": 0.3776180484416263,
          "median_s": 7.97405913546,
          "min_s": 7.882734855460001,
          "max_s": 8.62888313346,
          "times": [
            7.882734855460001,
            8.57144205746,
            7.887960881460001,
            8.62888313346,
            7.97405913546
          ]
        }
      ]
    }
  ],
  "memory_profile": [
    {
      "dataset": "small",
      "pyscan_peak_rss_kb": 43308,
      "pip_audit_peak_rss_kb": 82016,
      "safety_peak_rss_kb": 327472,
      "pyscan_peak_rss_mb": 42,
      "pip_audit_peak_rss_mb": 80,
      "safety_peak_rss_mb": 320
    },
    {
      "dataset": "medium",
      "pyscan_peak_rss_kb": 54092,
      "pip_audit_peak_rss_kb": 442988,
      "safety_peak_rss_kb": 328024,
      "pyscan_peak_rss_mb": 53,
      "pip_audit_peak_rss_mb": 433,
      "safety_peak_rss_mb": 320
    },
    {
      "dataset": "large",
      "pyscan_peak_rss_kb": 43416,
      "pip_audit_peak_rss_kb": 119728,
      "safety_peak_rss_kb": 328648,
      "pyscan_peak_rss_mb": 42,
      "pip_audit_peak_rss_mb": 117,
      "safety_peak_rss_mb": 321
    }
  ]
}
